,time,Vmag,Verr
0,1983.1646594520544,0.577,0.024
1,1983.1867693150684,0.604,0.033
2,1984.229877595628,0.644,0.011000000000000001
3,1986.9921131506856,0.5,0.003
4,1987.065950684932,0.478,0.005
5,1987.0959797260275,0.444,0.006
6,1987.1260438356167,0.455,0.001
7,1987.2000399999997,0.372,0.009000000000000001
8,1987.222123835616,0.385,0.004
9,1987.2247298630134,0.346,0.018000000000000002
10,1987.23848109589,0.37,0.002
11,1987.2741463013695,0.314,0.015
12,1988.0632133879776,0.607,0.001
13,1988.10159125683,0.536,0.004
14,1988.117858743169,0.519,0.006
15,1988.1945715846998,0.431,0.005
16,1988.21355,0.413,0.006
17,1988.2335756830603,0.388,0.021
18,1988.2491461748634,0.383,0.033
19,1988.2791344262291,0.349,0.015
20,1989.0334361643836,0.91,0.003
21,1989.0664504109589,0.904,0.004
22,1989.1129383561647,0.952,0.001
23,1989.1429827397255,0.984,0.001
24,1989.1705068493147,0.98,0.005
25,1989.2032610958902,0.94,0.004
26,1989.2415315068492,0.924,0.009000000000000001
27,1989.2661764383558,0.909,0.002
28,1989.9217465753425,0.85,0.004
29,1989.9763452054792,0.728,0.001
30,1989.9983827397266,0.707,0.003
31,1990.0171531506853,0.658,0.002
32,1990.0529528767127,0.671,0.004
33,1990.0639041095897,0.661,0.008
34,1990.0688298630132,0.644,0.002
35,1990.079582739726,0.638,0.006999999999999999
36,1990.082390958904,0.64,0.001
37,1990.104210958904,0.64,0.001
38,1990.10434109589,0.641,0.003
39,1990.1101446575344,0.6,0.004
40,1990.112479178082,0.629,0.004
41,1990.1126402739728,0.634,0.001
42,1990.115121643836,0.632,0.002
43,1990.1152364383565,0.629,0.003
44,1990.1264287671227,0.609,0.002
45,1990.129113972603,0.622,0.005
46,1990.1453120547947,0.611,0.005
47,1990.1507852054801,0.611,0.002
48,1990.1699367123285,0.604,0.005
49,1990.1787556164388,0.583,0.006999999999999999
50,1990.1922810958902,0.628,0.005
51,1990.2083473972607,0.604,0.006999999999999999
52,1990.2138953424658,0.622,0.013999999999999999
53,1990.2550106849317,0.582,0.003
54,1990.2659183561648,0.61,0.002
55,1990.2768454794516,0.607,0.003
56,1990.937870958904,0.557,0.001
57,1990.9511695890408,0.569,0.008
58,1990.9620800000002,0.588,0.008
59,1991.0332687671232,0.499,0.004
60,1991.038743561644,0.484,0.003
61,1991.0610178082186,0.508,0.003
62,1991.088238082192,0.482,0.006
63,1991.1097506849312,0.466,0.003
64,1991.1100950684934,0.454,0.002
65,1991.1345813698633,0.495,0.004
66,1991.1346841095897,0.475,0.003
67,1991.1784931506847,0.541,0.003
68,1991.180939178082,0.521,0.004
69,1991.1839460273975,0.524,0.002
70,1991.1840487671238,0.575,0.003
71,1991.2059912328762,0.574,0.005
72,1991.2195947945206,0.596,0.003
73,1991.2470909589047,0.527,0.002
74,1991.255205479452,0.572,0.005
75,1991.2689397260278,0.561,0.002
76,1991.2853463013694,0.554,0.006
77,1991.921436438356,0.366,0.003
78,1991.9457610958907,0.405,0.009000000000000001
79,1991.986696164384,0.368,0.015
80,1991.9895200000003,0.347,0.013999999999999999
81,1992.0225357923496,0.346,0.004
82,1992.0334224043722,0.359,0.0
83,1992.0357890710377,0.38,0.006
84,1992.0388516393436,0.383,0.005
85,1992.0633513661205,0.375,0.004
86,1992.0659000000005,0.351,0.002
87,1992.0771516393438,0.376,0.004
88,1992.093577322404,0.379,0.002
89,1992.1284816939894,0.359,0.001
90,1992.1288319672128,0.35,0.001
91,1992.1368718579236,0.385,0.004
92,1992.1505983606555,0.389,0.003
93,1992.150956284153,0.385,0.004
94,1992.1916642076503,0.383,0.006999999999999999
95,1992.1917704918035,0.394,0.004
96,1992.1997311475413,0.407,0.001
97,1992.2571549180327,0.438,0.005
98,1992.2790546448089,0.399,0.001
99,1992.6832448087437,0.494,0.01
100,1992.8371800546447,0.458,0.0
101,1992.8833098360656,0.528,0.004
102,1992.908185245902,0.596,0.002
103,1992.9486983606562,0.672,0.009000000000000001
104,1992.9730278688528,0.723,0.008
105,1992.9788439890708,0.723,0.004
106,1993.049586575343,0.822,0.003
107,1993.0577416438355,0.82,0.011000000000000001
108,1993.0663799999995,0.848,0.004
109,1993.085588493151,0.857,0.001
110,1993.0878271232882,0.857,0.002
111,1993.088124109589,0.869,0.002
112,1993.1129863013705,0.86,0.008
113,1993.1343942465758,0.894,0.003
114,1993.1427449315072,0.877,0.004
115,1993.1430243835619,0.88,0.004
116,1993.150760273972,0.897,0.005
117,1993.1562473972608,0.89,0.005
118,1993.1672158904105,0.898,0.004
119,1993.1701504109594,0.915,0.002
120,1993.1781805479452,0.899,0.004
121,1993.1813317808221,0.937,0.004
122,1993.1838736986308,0.906,0.001
123,1993.2004457534254,0.909,0.006
124,1993.2525172602743,0.865,0.001
125,1993.784552328767,0.737,0.002
126,1993.8555619178085,0.652,0.002
127,1993.874729315069,0.623,0.008
128,1993.8993835616436,0.624,0.005
129,1993.910356986302,0.603,0.006
130,1993.9458186301365,0.608,0.004
131,1993.9567821917813,0.593,0.002
132,1993.9624531506854,0.615,0.003
133,1993.9976383561639,0.649,0.005
134,1994.0088008219172,0.66,0.005
135,1994.0305334246577,0.679,0.005
136,1994.0469501369862,0.701,0.006
137,1994.0472931506852,0.696,0.003
138,1994.0772413698626,0.74,0.008
139,1994.0825235616442,0.734,0.003
140,1994.0961389041097,0.732,0.0
141,1994.0962030136984,0.726,0.005
142,1994.1152613698632,0.733,0.002
143,1994.1182991780825,0.716,0.006999999999999999
144,1994.1316490410954,0.704,0.005
145,1994.1562690410954,0.691,0.003
146,1994.172797534246,0.674,0.006999999999999999
147,1994.1730257534243,0.66,0.003
148,1994.1836205479447,0.672,0.004
149,1994.2168956164385,0.71,0.006
150,1994.811816986302,0.404,0.013000000000000001
151,1994.8227643835614,0.403,0.003
152,1994.830942465754,0.415,0.011000000000000001
153,1994.8472482191783,0.402,0.004
154,1994.8582471232874,0.424,0.002
155,1994.8719690410956,0.45,0.001
156,1994.8774671232877,0.45,0.002
157,1994.9075024657539,0.481,0.001
158,1994.910277808219,0.483,0.001
159,1994.9156057534242,0.464,0.004
160,1994.9212435616435,0.474,0.0
161,1994.9349030136987,0.494,0.006
162,1994.9404356164387,0.507,0.004
163,1994.9458542465754,0.508,0.001
164,1994.9701668493155,0.536,0.004
165,1994.9704408219172,0.533,0.004
166,1994.9841336986306,0.552,0.005
167,1994.995052054795,0.562,0.004
168,1995.0196339726026,0.61,0.001
169,1995.0222038356167,0.615,0.003
170,1995.0251756164387,0.616,0.006
171,1995.0497082191775,0.65,0.005
172,1995.074268767123,0.662,0.001
173,1995.0770465753424,0.671,0.002
174,1995.0773268493147,0.653,0.001
175,1995.0824252054797,0.67,0.005
176,1995.0879871232883,0.69,0.006
177,1995.0906608219182,0.673,0.001
178,1995.0934315068494,0.668,0.006999999999999999
179,1995.0934399999996,0.689,0.001
180,1995.09888520548,0.696,0.001
181,1995.1015550684936,0.69,0.003
182,1995.1043219178086,0.693,0.005
183,1995.1070230136984,0.698,0.005
184,1995.1180783561647,0.711,0.003
185,1995.1234575342464,0.704,0.005
186,1995.1289498630133,0.707,0.0
187,1995.1289967123291,0.723,0.001
188,1995.1316583561647,0.705,0.002
189,1995.1318652054792,0.714,0.002
190,1995.13455479452,0.692,0.001
191,1995.1425273972602,0.706,0.009000000000000001
192,1995.1425863013706,0.719,0.002
193,1995.1677397260275,0.791,0.009000000000000001
194,1995.1699010958907,0.74,0.002
195,1995.1863216438355,0.782,0.004
196,1995.186446575342,0.776,0.003
197,1995.1919819178086,0.77,0.001
198,1995.194647945206,0.784,0.002
199,1995.197388493151,0.802,0.012
200,1995.2006000000001,0.801,0.006
201,1995.2249030136988,0.797,0.008
202,1995.2306010958905,0.825,0.001
203,1995.2306715068496,0.819,0.005
204,1995.2332408219181,0.819,0.006
205,1995.2468975342465,0.817,0.004
206,1995.2469868493151,0.789,0.002
207,1995.2552687671227,0.841,0.003
208,1995.2771276712328,0.83,0.006
209,1995.2797756164387,0.78,0.004
210,1995.3126432876716,0.802,0.002
211,1995.819987945205,0.344,0.004
212,1995.8227772602736,0.363,0.003
213,1995.8500800000006,0.396,0.001
214,1995.8554567123292,0.38,0.003
215,1995.9184704109593,0.457,0.01
216,1995.92116,0.443,0.001
217,1995.9404167123291,0.451,0.006999999999999999
218,1995.9675810958909,0.658,0.003
219,1996.0141374316943,0.48,0.002
220,1996.0195956284147,0.483,0.006999999999999999
221,1996.0277702185795,0.489,0.005
222,1996.0385333333327,0.497,0.005
223,1996.052445081967,0.534,0.001
224,1996.0548795081963,0.501,0.003
225,1996.0629945355188,0.528,0.004
226,1996.07680874317,0.507,0.003
227,1996.0931385245908,0.516,0.002
228,1996.0958770491804,0.51,0.005
229,1996.1207959016397,0.528,0.001
230,1996.1231387978141,0.513,0.004
231,1996.1258423497272,0.503,0.002
232,1996.1260024590158,0.525,0.003
233,1996.1285836065576,0.511,0.001
234,1996.12884726776,0.505,0.005
235,1996.150375136612,0.493,0.004
236,1996.1530972677601,0.496,0.003
237,1996.1558213114758,0.503,0.002
238,1996.1721860655734,0.491,0.003
239,1996.1885554644805,0.481,0.004
240,1996.2053486338798,0.497,0.005
241,1996.2654756830605,0.499,0.016
242,1996.7659191256835,0.343,0.001
243,1996.7768398907108,0.352,0.004
244,1996.782274590164,0.346,0.003
245,1996.834108196722,0.397,0.006
246,1996.856005191257,0.41,0.003
247,1996.8614027322399,0.412,0.004
248,1996.8724278688528,0.407,0.005
249,1996.9042754098366,0.416,0.002
250,1996.9186368852465,0.469,0.002
251,1996.9206366120225,0.462,0.002
252,1996.9349442622954,0.474,0.006
253,1996.9460117486344,0.5,0.016
254,1996.9562366120224,0.49,0.002
255,1996.9677038251364,0.497,0.005
256,1996.9861371584702,0.522,0.002
257,1997.0223476712324,0.528,0.003
258,1997.0298635616439,0.511,0.001
259,1997.0415131506854,0.531,0.002
260,1997.0495687671234,0.515,0.004
261,1997.0496841095885,0.503,0.003
262,1997.0497145205482,0.523,0.009000000000000001
263,1997.05228,0.503,0.002
264,1997.066012054794,0.505,0.004
265,1997.0762969863015,0.501,0.002
266,1997.0797178082194,0.505,0.002
267,1997.087357260274,0.499,0.002
268,1997.093368767123,0.519,0.002
269,1997.1064701369862,0.514,0.003
270,1997.1070701369863,0.502,0.002
271,1997.1097931506852,0.53,0.002
272,1997.112544931507,0.522,0.004
273,1997.11799479452,0.514,0.005
274,1997.1210260273979,0.522,0.003
275,1997.1227364383562,0.521,0.001
276,1997.1346720547951,0.576,0.005
277,1997.1391684931511,0.543,0.002
278,1997.142716986302,0.578,0.006999999999999999
279,1997.1453120547947,0.552,0.001
280,1997.1456063013702,0.572,0.006
281,1997.1507857534243,0.548,0.003
282,1997.1638095890414,0.556,0.002
283,1997.1759520547948,0.595,0.006
284,1997.1785400000006,0.587,0.006999999999999999
285,1997.1840479452062,0.592,0.005
286,1997.1868479452057,0.593,0.004
287,1997.2278449315068,0.59,0.002
288,1997.2306679452056,0.607,0.004
289,1997.2368917808217,0.562,0.004
290,1997.2662093150684,0.653,0.002
291,1997.2789605479459,0.667,0.001
292,1997.7865493150682,0.607,0.002
293,1997.838609863014,0.567,0.002
294,1997.8390715068488,0.572,0.002
295,1997.8961605479456,0.507,0.002
296,1997.9260616438362,0.487,0.001
297,1997.9342350684935,0.472,0.002
298,1997.947920547945,0.455,0.001
299,1997.9567802739725,0.445,0.005
300,1997.9779641095893,0.433,0.003
301,1997.98664,0.444,0.01
302,1997.9889435616437,0.44,0.001
303,1998.0189230136982,0.458,0.003
304,1998.0462424657537,0.464,0.001
305,1998.0544482191783,0.468,0.001
306,1998.063212876712,0.467,0.005
307,1998.065979726027,0.465,0.0
308,1998.068877534247,0.457,0.006999999999999999
309,1998.0770142465753,0.466,0.001
310,1998.0791545205482,0.456,0.001
311,1998.0851780821913,0.476,0.001
312,1998.0851953424653,0.461,0.008
313,1998.0855098630136,0.492,0.005
314,1998.090664109589,0.472,0.005
315,1998.09340109589,0.435,0.003
316,1998.095538356164,0.461,0.001
317,1998.1070745205482,0.459,0.002
318,1998.1201616438361,0.464,0.001
319,1998.123751780822,0.444,0.006
320,1998.126194246575,0.471,0.006999999999999999
321,1998.1265391780817,0.506,0.002
322,1998.1391482191787,0.477,0.005
323,1998.1535147945206,0.51,0.006
324,1998.1566216438357,0.554,0.004
325,1998.1637517808222,0.501,0.003
326,1998.164601643835,0.531,0.001
327,1998.1700873972607,0.554,0.002
328,1998.1838287671237,0.548,0.003
329,1998.1884290410958,0.529,0.001
330,1998.2049460273977,0.547,0.0
331,1998.2086663013695,0.587,0.006999999999999999
332,1998.2114402739726,0.583,0.002
333,1998.2305252054796,0.581,0.006999999999999999
334,1998.2386441095884,0.611,0.001
335,1998.2469495890407,0.597,0.004
336,1998.255144657534,0.612,0.005
337,1998.2743441095895,0.635,0.003
338,1998.7153254794518,0.564,0.002
339,1998.7762652054798,0.543,0.002
340,1998.7811435616434,0.526,0.001
341,1998.8085230136992,0.451,0.002
342,1998.8276249315068,0.406,0.001
343,1998.846613424658,0.39,0.003
344,1998.863149315069,0.377,0.002
345,1998.8692832876711,0.376,0.002
346,1998.8719019178084,0.376,0.001
347,1998.8795224657538,0.383,0.002
348,1998.8802772602742,0.383,0.006
349,1998.8828367123292,0.392,0.006
350,1998.8911967123286,0.395,0.001
351,1998.8912208219174,0.383,0.009000000000000001
352,1998.8965690410964,0.391,0.002
353,1998.9096093150686,0.393,0.002
354,1998.9342383561643,0.417,0.002
355,1998.934782465754,0.425,0.006999999999999999
356,1998.937647123288,0.417,0.006
357,1998.945854794521,0.428,0.003
358,1998.9485901369867,0.421,0.001
359,1998.9510819178088,0.42,0.006999999999999999
360,1998.9513254794522,0.449,0.004
361,1998.9540627397266,0.44,0.006999999999999999
362,1998.9594090410956,0.449,0.003
363,1998.9621079452056,0.452,0.006
364,1998.9643405479455,0.453,0.003
365,1998.9703487671236,0.467,0.004
366,1998.9867553424651,0.487,0.003
367,1998.9868405479453,0.48,0.004
368,1998.992178356164,0.456,0.012
369,1998.9923364383565,0.486,0.004
370,1999.0113076712323,0.489,0.006999999999999999
371,1999.0133668493147,0.475,0.003
372,1999.0140010958908,0.474,0.003
373,1999.024932876713,0.48,0.003
374,1999.0251021917807,0.49,0.004
375,1999.041486575342,0.482,0.0
376,1999.0442238356165,0.469,0.003
377,1999.0489860273974,0.467,0.004
378,1999.082399178082,0.463,0.008
379,1999.0824745205473,0.441,0.004
380,1999.0843632876706,0.429,0.002
381,1999.0852002739728,0.438,0.006999999999999999
382,1999.095634794521,0.418,0.001
383,1999.112542465754,0.39,0.003
384,1999.115649315068,0.399,0.0
385,1999.1172843835623,0.376,0.001
386,1999.1179890410963,0.389,0.006999999999999999
387,1999.11800739726,0.396,0.006
388,1999.1338038356157,0.358,0.0
389,1999.1371156164382,0.346,0.003
390,1999.1398460273974,0.351,0.008
391,1999.1453227397258,0.35,0.001
392,1999.1528679452058,0.317,0.0
393,1999.1562468493153,0.326,0.004
394,1999.1802928767129,0.308,0.001
395,1999.180833424657,0.316,0.006999999999999999
396,1999.2131558904105,0.309,0.002
397,1999.7647824657533,0.503,0.003
398,1999.8221093150685,0.514,0.001
399,1999.852215342466,0.53,0.002
400,1999.893222465754,0.521,0.001
401,1999.9288109589036,0.565,0.003
402,1999.9349252054799,0.563,0.006
403,1999.9513082191781,0.562,0.002
404,1999.964979178082,0.561,0.002
405,1999.9697024657532,0.546,0.002
406,1999.9923104109587,0.548,0.004
407,2000.0359245901634,0.509,0.004
408,2000.0440896174862,0.502,0.0
409,2000.0549969945353,0.499,0.002
410,2000.065781967213,0.524,0.004
411,2000.0658811475405,0.49,0.004
412,2000.0713456284147,0.486,0.002
413,2000.074062568306,0.493,0.004
414,2000.0767893442628,0.496,0.001
415,2000.0795366120221,0.493,0.002
416,2000.0958718579234,0.491,0.011000000000000001
417,2000.1040368852462,0.504,0.003
418,2000.106707377049,0.541,0.001
419,2000.1149344262299,0.51,0.001
420,2000.1285614754097,0.532,0.004
421,2000.1612666666665,0.558,0.002
422,2000.1721595628417,0.574,0.004
423,2000.1776234972674,0.57,0.002
424,2000.1830677595626,0.583,0.011000000000000001
425,2000.2107505464476,0.591,0.004
426,2000.2191560109288,0.574,0.006999999999999999
427,2000.2463303278685,0.564,0.006
428,2000.2545240437155,0.536,0.008
429,2000.2654631147543,0.521,0.005
430,2000.2763767759557,0.516,0.005
431,2000.3119131147537,0.478,0.004
432,2000.9241379781415,0.506,0.005
433,2000.9267139344265,0.498,0.004
434,2000.9648666666665,0.466,0.003
435,2000.973100819672,0.461,0.004
436,2000.9893967213118,0.45,0.006999999999999999
437,2000.9895948087428,0.473,0.013000000000000001
438,2000.9948265027328,0.452,0.003
439,2001.0194641095893,0.465,0.001
440,2001.0305632876716,0.472,0.001
441,2001.035784383562,0.465,0.001
442,2001.04949890411,0.489,0.002
443,2001.0524232876717,0.503,0.004
444,2001.055144657534,0.517,0.005
445,2001.0577194520554,0.516,0.0
446,2001.0769950684926,0.542,0.006999999999999999
447,2001.090681643835,0.558,0.001
448,2001.1152827397257,0.588,0.001
449,2001.1180827397266,0.588,0.002
450,2001.1786205479455,0.616,0.001
451,2001.1977068493156,0.622,0.002
452,2001.2087030136984,0.611,0.001
453,2001.2388641095886,0.602,0.011000000000000001
454,2001.2743936986305,0.594,0.003
455,2001.7435287671228,0.479,0.004
456,2001.9321016438357,0.363,0.003
457,2001.9648978082196,0.372,0.002
458,2002.0032380821924,0.397,0.002
459,2002.0059652054797,0.411,0.002
460,2002.0358257534251,0.452,0.002
461,2002.0495460273978,0.467,0.001
462,2002.0496791780824,0.463,0.004
463,2002.0550805479454,0.475,0.003
464,2002.066039452055,0.485,0.004
465,2002.0851997260272,0.497,0.001
466,2002.093426575342,0.487,0.006
467,2002.096130136986,0.513,0.004
468,2002.1015608219175,0.52,0.002
469,2002.1070460273972,0.524,0.006
470,2002.1070643835612,0.518,0.003
471,2002.1125139726032,0.532,0.004
472,2002.1179572602734,0.535,0.002
473,2002.1316432876717,0.571,0.006999999999999999
474,2002.1343956164378,0.589,0.003
475,2002.164443287672,0.594,0.003
476,2002.1699035616439,0.632,0.004
477,2002.17264520548,0.611,0.003
478,2002.1868904109585,0.653,0.009000000000000001
479,2002.1923745205486,0.661,0.004
480,2002.2005649315065,0.643,0.005
481,2002.2086852054802,0.67,0.001
482,2002.921285479452,0.449,0.003
483,2003.0032369863013,0.398,0.006
484,2003.0168936986297,0.384,0.002
485,2003.0278252054798,0.408,0.004
486,2003.033315616438,0.429,0.002
487,2003.0605980821924,0.478,0.006
488,2003.0797172602738,0.544,0.01
489,2003.0797375342465,0.509,0.003
490,2003.1097868493146,0.569,0.001
491,2003.1179621917809,0.592,0.009000000000000001
492,2003.12069369863,0.602,0.005
493,2003.1234400000003,0.615,0.003
494,2003.1371391780829,0.656,0.001
495,2003.1398460273974,0.664,0.004
496,2003.140003287671,0.689,0.004
497,2003.142612328767,0.656,0.004
498,2003.148032054795,0.691,0.002
499,2003.1535013698629,0.695,0.004
500,2003.1562443835624,0.705,0.004
501,2003.1589745205483,0.709,0.003
502,2003.1671594520546,0.736,0.006
503,2003.16992,0.736,0.002
504,2003.178097534246,0.751,0.002
505,2003.184207945206,0.786,0.001
506,2003.186307123288,0.792,0.002
507,2003.1890526027394,0.797,0.006
508,2003.1977928767121,0.793,0.009000000000000001
509,2003.2251780821916,0.868,0.004
510,2003.2441832876714,0.898,0.006999999999999999
511,2003.25788739726,0.927,0.003
512,2004.022263934426,0.459,0.004
513,2004.0249994535513,0.458,0.001
514,2004.0359010928962,0.45,0.004
515,2004.0413800546444,0.448,0.006
516,2004.0440688524586,0.43,0.004
517,2004.0549863387978,0.447,0.002
518,2004.0658849726783,0.443,0.002
519,2004.1040377049183,0.446,0.002
520,2004.120383606557,0.46,0.006999999999999999
521,2004.125843169399,0.46,0.006
522,2004.1448953551917,0.478,0.0
523,2004.150375136612,0.483,0.005
524,2004.155816120219,0.491,0.005
525,2004.16126284153,0.498,0.003
526,2004.164004644809,0.484,0.011000000000000001
527,2004.2206043715848,0.569,0.008
528,2005.0387709589038,0.431,0.001
529,2005.055144657534,0.436,0.0
530,2005.0633397260272,0.434,0.009000000000000001
531,2005.0715517808223,0.44,0.002
532,2005.0742750684935,0.45,0.006999999999999999
533,2005.0770123287666,0.455,0.005
534,2005.0852010958904,0.439,0.006999999999999999
535,2005.0987550684927,0.502,0.054000000000000006
536,2005.1125178082195,0.431,0.006
537,2005.1480339726024,0.409,0.001
538,2005.1562342465754,0.407,0.004
539,2005.1699150684929,0.405,0.004
540,2005.1726515068494,0.402,0.003
541,2006.1645720547945,0.375,0.001
542,2006.2057249315071,0.463,0.005
543,2006.224856164383,0.487,0.012
544,2006.233009315069,0.509,0.001
545,2006.2385230136983,0.518,0.003
546,2006.8935863013699,0.736,0.004
547,2007.0058986301367,0.632,0.003
548,2007.1041849315066,0.424,0.002
549,2007.1620219178076,0.436,0.001
550,2007.1919265753424,0.449,0.002
551,2007.2165405479452,0.47,0.001
552,2007.2357375342463,0.453,0.023
553,2008.0247540983607,0.595,0.009000000000000001
554,2008.0349878688519,0.64,0.03
555,2008.128488797814,0.519,0.004
556,2008.1502948087434,0.502,0.002
557,2008.809797540984,0.905,0.002
558,2008.83439726776,0.942,0.006999999999999999
559,2008.8934155737707,0.938,0.023
560,2008.9951407103824,0.877,0.002
561,2009.0139890410962,0.854,0.003
562,2009.0245106849309,0.789,0.016
563,2009.0606893150684,0.876,0.001
564,2009.1181539726022,0.878,0.003
565,2009.1454452054793,0.78,0.02
566,2009.167408684932,0.755,0.003
567,2009.1726597260276,0.749,0.001
568,2009.1973090410959,0.69,0.006
569,2009.2083961643839,0.697,0.002
570,2009.2140410958905,0.694,0.004
571,2009.222086575343,0.656,0.004
572,2009.2441286027406,0.65,0.02
573,2009.2495909315076,0.597,0.006999999999999999
574,2009.7600632876706,0.542,0.003
575,2009.7982964383566,0.52,0.002
576,2009.8339350684928,0.47,0.006999999999999999
577,2009.9076528767123,0.406,0.001
578,2009.9951484109595,0.335,0.01
579,2010.0360380821912,0.42,0.002
580,2010.1068493150685,0.549,0.019
581,2010.1755021917813,0.52,0.006
582,2010.2084279452056,0.479,0.005
583,2010.2277189041092,0.443,0.001
584,2010.2330263013696,0.445,0.006
585,2010.2714104109584,0.402,0.012
586,2010.2715506849313,0.372,0.001
587,2010.2933276712333,0.358,0.009000000000000001
588,2010.7710806575349,0.259,0.001
589,2011.2357572328772,0.507,0.04
590,2011.2359419178076,0.561,0.002
591,2011.8283073972605,0.556,0.0
592,2011.880172602739,0.487,0.008
593,2011.9429827397255,0.449,0.005
594,2012.005915027323,0.396,0.005
595,2012.0524420765028,0.378,0.003
596,2012.0540185792352,0.419,0.009000000000000001
597,2012.1167614754097,0.454,0.064
598,2012.1261478142083,0.424,0.006
599,2012.1279010928956,0.424,0.008
600,2012.1395689344258,0.359,0.012
601,2012.152392622951,0.482,0.021
602,2012.1588038251368,0.408,0.006
603,2012.179631420765,0.5,0.008
604,2012.1942672677594,0.43,0.023
605,2012.2052898907098,0.505,0.005
606,2012.2180005464477,0.492,0.022000000000000002
607,2012.270601038251,0.546,0.039
608,2012.869608606558,0.486,0.02
609,2012.9704139344267,0.642,0.004
610,2012.9941428961752,0.669,0.044000000000000004
611,2012.9978222404377,0.49,0.015
612,2013.005302465753,0.628,0.008
613,2013.0271690410957,0.59,0.026000000000000002
614,2013.0297983561643,0.61,0.025
615,2013.0552067397252,0.392,0.035
616,2013.0705860273977,0.538,0.036000000000000004
617,2013.070770684932,0.517,0.006
618,2013.0744158904106,0.479,0.005
619,2013.0764287671227,0.466,0.021
620,2013.0764326027404,0.483,0.01
621,2013.1033904109584,0.465,0.02
622,2013.1125912328762,0.401,0.004
623,2013.1392884931502,0.4,0.035
624,2013.1609435616444,0.405,0.008
625,2013.1609569863008,0.41,0.043
626,2013.1664687671228,0.442,0.008
627,2013.1664764383565,0.448,0.013999999999999999
628,2013.1666495890408,0.427,0.005
629,2013.16742,0.411,0.005
630,2013.1695035616433,0.384,0.018000000000000002
631,2013.172022465753,0.444,0.011000000000000001
632,2013.172237534247,0.427,0.009000000000000001
633,2013.1726183561645,0.359,0.05
634,2013.1746575342465,0.456,0.067
635,2013.1746764383558,0.471,0.032
636,2013.1802569863016,0.498,0.062
637,2013.180281643836,0.449,0.012
638,2013.180479452055,0.444,0.039
639,2013.2049008219185,0.428,0.046
640,2013.2049145205483,0.434,0.006
641,2013.2131049315062,0.484,0.018000000000000002
642,2013.2213090410953,0.431,0.025
643,2013.2213964383564,0.393,0.026000000000000002
644,2013.2734093150684,0.568,0.017
645,2013.2788887671234,0.618,0.054000000000000006
646,2013.2816191780828,0.56,0.006999999999999999
647,2013.2843608219177,0.568,0.012
648,2013.287077534246,0.558,0.031
649,2013.2870967123288,0.543,0.027999999999999997
650,2013.3044463013694,0.602,0.006999999999999999
651,2013.6852208219175,0.578,0.02
652,2013.740045753425,0.576,0.016
653,2013.748200273973,0.571,0.012
654,2013.750865753425,0.577,0.032
655,2013.7508715068489,0.583,0.016
656,2013.753694794521,0.575,0.022000000000000002
657,2013.753721369863,0.587,0.01
658,2013.7565372602733,0.601,0.006
659,2013.7565430136985,0.576,0.016
660,2013.7591934246573,0.578,0.044000000000000004
661,2013.7591989041102,0.586,0.025
662,2013.7785501369863,0.564,0.07
663,2013.7921213698623,0.559,0.024
664,2013.7921290410964,0.578,0.018000000000000002
665,2013.8250950684937,0.541,0.009000000000000001
666,2013.82509890411,0.56,0.047
667,2013.8519501369867,0.573,0.008
668,2013.8519558904106,0.585,0.024
669,2013.8634112328764,0.554,0.025
670,2013.8688013698625,0.572,0.013999999999999999
671,2013.8688090410965,0.558,0.022000000000000002
672,2013.8882115068488,0.504,0.001
673,2013.9045301369863,0.546,0.044000000000000004
674,2013.9065695890417,0.572,0.025
675,2013.9208161643835,0.593,0.023
676,2013.9208219178086,0.579,0.025
677,2013.9473249315067,0.545,0.053
678,2013.9473306849318,0.514,0.05
679,2013.9804263013696,0.545,0.012
680,2013.9804317808225,0.555,0.026000000000000002
681,2013.989448219178,0.591,0.006
682,2014.0250545205486,0.47,0.003
683,2014.0268682191786,0.528,0.01
684,2014.0321821917805,0.527,0.023
685,2014.0387652054799,0.49,0.005
686,2014.0406602739727,0.5,0.015
687,2014.1172736986298,0.47,0.023
688,2014.1225608219177,0.436,0.038
689,2014.1253271232881,0.448,0.026000000000000002
690,2014.1390334246578,0.466,0.009000000000000001
691,2014.1472487671238,0.423,0.025
692,2014.1501008219175,0.4,0.022000000000000002
693,2014.152703561644,0.443,0.038
694,2014.1557495890415,0.35,0.045
695,2014.1583199999998,0.348,0.066
696,2014.1610578082195,0.411,0.045
697,2014.1719463013699,0.396,0.004
698,2014.1829013698632,0.372,0.006999999999999999
699,2014.1857306849313,0.373,0.017
700,2014.1911567123288,0.358,0.022000000000000002
701,2014.1939326027396,0.37,0.005
702,2014.1966989041102,0.355,0.022000000000000002
703,2014.1967084931503,0.358,0.006
704,2014.199366575343,0.351,0.012
705,2014.1993739726022,0.343,0.015
706,2014.213091780822,0.359,0.03
707,2014.215854246575,0.414,0.005
708,2014.2158619178076,0.408,0.017
709,2014.232290684932,0.422,0.006999999999999999
710,2014.2322983561644,0.336,0.006
711,2014.237739726027,0.397,0.031
712,2014.237756986301,0.358,0.033
713,2014.2377986301374,0.328,0.021
714,2014.240466027397,0.381,0.049
715,2014.2404928767123,0.391,0.01
716,2014.2405002739727,0.37,0.055
717,2014.2514884931506,0.293,0.012
718,2014.2652331506847,0.289,0.027999999999999997
719,2014.2843580821911,0.418,0.04
720,2014.292581095891,0.384,0.034
721,2014.627688493151,0.608,0.052000000000000005
722,2014.627692054795,0.547,0.028999999999999998
723,2014.6276958904114,0.537,0.01
724,2014.6852227397262,0.538,0.024
725,2014.685228219178,0.518,0.008
726,2014.685233972603,0.547,0.039
727,2014.7097660273978,0.549,0.019
728,2014.7097717808215,0.528,0.011000000000000001
729,2014.7289306849318,0.55,0.015
730,2014.7289364383555,0.567,0.006999999999999999
731,2014.7427093150682,0.607,0.01
732,2014.7428482191779,0.542,0.02
733,2014.7646841095889,0.528,0.013999999999999999
734,2014.764689863014,0.53,0.006
735,2014.786841643835,0.562,0.048
736,2014.7977227397264,0.532,0.01
737,2014.797728219178,0.531,0.017
738,2014.8440430136984,0.589,0.054000000000000006
739,2014.844050684931,0.595,0.049
740,2014.8934208219182,0.552,0.006
741,2014.8934265753421,0.557,0.022000000000000002
742,2014.8934323287672,0.565,0.016
743,2014.9372564383566,0.579,0.03
744,2014.9397526027392,0.626,0.016
745,2014.9397641095893,0.618,0.048
746,2014.939853424658,0.624,0.005
747,2014.9454186301373,0.619,0.02
748,2014.9748802739732,0.651,0.033
749,2014.9748857534248,0.62,0.018000000000000002
750,2014.9751084931502,0.639,0.003
751,2014.975110410959,0.656,0.026000000000000002
752,2014.977895616439,0.637,0.008
753,2014.985643013698,0.608,0.038
754,2014.9856545205482,0.651,0.031
755,2014.9856602739721,0.65,0.017
756,2014.9944197260277,0.6,0.022000000000000002
757,2014.994429315069,0.631,0.027999999999999997
758,2014.9944367123283,0.625,0.004
759,2014.9966210958905,0.655,0.018000000000000002
760,2014.9966284931509,0.62,0.021
761,2014.9966399999998,0.603,0.016
762,2014.996645753425,0.644,0.013000000000000001
763,2014.9967276712332,0.597,0.01
764,2014.9967331506848,0.642,0.01
765,2014.9968246575343,0.641,0.012
766,2014.9968304109593,0.652,0.011000000000000001
767,2014.9968627397263,0.654,0.004
768,2014.9969443835612,0.634,0.019
769,2014.9969482191775,0.644,0.013000000000000001
770,2015.0158789041095,0.607,0.034
771,2015.0159835616432,0.621,0.02
772,2015.029396986302,0.604,0.022000000000000002
773,2015.0293989041093,0.61,0.008
774,2015.0294482191782,0.595,0.019
775,2015.0294673972596,0.648,0.015
776,2015.0294958904105,0.617,0.024
777,2015.0294978082193,0.616,0.039
778,2015.0295016438356,0.583,0.015
779,2015.0295052054798,0.627,0.01
780,2015.0295775342465,0.61,0.018000000000000002
781,2015.0295794520553,0.631,0.015
782,2015.0295832876716,0.608,0.015
783,2015.029587123288,0.62,0.034
784,2015.0296498630132,0.627,0.009000000000000001
785,2015.029651780822,0.619,0.018000000000000002
786,2015.0296556164383,0.618,0.025
787,2015.029809863013,0.621,0.021
788,2015.0298134246573,0.598,0.027999999999999997
789,2015.029815342466,0.643,0.027999999999999997
790,2015.032556986301,0.622,0.022000000000000002
791,2015.0325646575336,0.618,0.016
792,2015.0326484931504,0.64,0.024
793,2015.0349030136986,0.597,0.033
794,2015.035053150685,0.596,0.016
795,2015.0350569863012,0.646,0.046
796,2015.0546098630136,0.568,0.022000000000000002
797,2015.054617534246,0.588,0.016
798,2015.0546441095894,0.558,0.036000000000000004
799,2015.0704775342463,0.594,0.038
800,2015.070703835617,0.606,0.018000000000000002
801,2015.070741917808,0.599,0.011000000000000001
802,2015.07088849315,0.599,0.008
803,2015.07616630137,0.59,0.032
804,2015.0841038356166,0.593,0.019
805,2015.084107671233,0.593,0.018000000000000002
806,2015.0841172602743,0.592,0.022000000000000002
807,2015.0841684931506,0.598,0.038
808,2015.0841876712334,0.596,0.013999999999999999
809,2015.084353150685,0.583,0.01
810,2015.084478630137,0.582,0.008
811,2015.0844824657534,0.596,0.005
812,2015.084484383562,0.58,0.018000000000000002
813,2015.0844997260274,0.576,0.008
814,2015.0845967123284,0.556,0.017
815,2015.0846156164378,0.589,0.024
816,2015.097985205479,0.543,0.019
817,2015.0981641095884,0.565,0.01
818,2015.0981679452061,0.572,0.019
819,2015.1006106849313,0.583,0.013999999999999999
820,2015.10061260274,0.607,0.045
821,2015.100624109589,0.551,0.025
822,2015.1006715068493,0.561,0.011000000000000001
823,2015.1006753424654,0.586,0.053
824,2015.10076109589,0.58,0.012
825,2015.1008334246578,0.583,0.028999999999999998
826,2015.1008372602741,0.52,0.037000000000000005
827,2015.1036358904107,0.571,0.012
828,2015.103660547945,0.573,0.027000000000000003
829,2015.1060824657536,0.569,0.049
830,2015.1060863013697,0.575,0.019
831,2015.106124383562,0.565,0.016
832,2015.1061263013694,0.587,0.038
833,2015.1200076712335,0.521,0.037000000000000005
834,2015.1200380821917,0.544,0.027999999999999997
835,2015.1200419178078,0.546,0.013000000000000001
836,2015.1229413698632,0.519,0.01
837,2015.1229452054795,0.52,0.012
838,2015.1253613698627,0.52,0.018000000000000002
839,2015.1280460273974,0.56,0.006
840,2015.1280498630138,0.569,0.01
841,2015.1280726027394,0.568,0.021
842,2015.1280745205481,0.565,0.015
843,2015.1390506849318,0.559,0.025
844,2015.1390849315064,0.531,0.051
845,2015.1390868493152,0.539,0.008
846,2015.1666153424662,0.543,0.013000000000000001
847,2015.1666665753426,0.557,0.011000000000000001
848,2015.169164657534,0.545,0.015
849,2015.1691838356169,0.519,0.02
850,2015.1775038356166,0.5,0.034
851,2015.1775323287673,0.534,0.004
852,2015.180435616439,0.46,0.02
853,2015.1804432876713,0.46,0.026000000000000002
854,2015.1829509589043,0.498,0.02
855,2015.1857972602743,0.405,0.026000000000000002
856,2015.185803013698,0.463,0.018000000000000002
857,2015.2057095890418,0.45,0.01
858,2015.2075589041099,0.461,0.018000000000000002
859,2015.207652328767,0.495,0.019
860,2015.2076635616436,0.474,0.013999999999999999
861,2015.2130556164386,0.444,0.008
862,2015.2130783561643,0.429,0.025
863,2015.2159342465757,0.356,0.027000000000000003
864,2015.215938082192,0.402,0.02
865,2015.2240791780823,0.38,0.039
866,2015.224101917808,0.364,0.035
867,2015.2267504109593,0.344,0.01
868,2015.2267884931503,0.339,0.021
869,2015.262418082192,0.432,0.013999999999999999
870,2015.2788852054791,0.392,0.042
871,2015.278890684932,0.374,0.057999999999999996
872,2015.2843454794524,0.406,0.027000000000000003
873,2015.2843512328764,0.307,0.024
874,2015.2870909589037,0.389,0.033
875,2015.2870967123288,0.379,0.015
876,2015.666076438356,0.703,0.011000000000000001
877,2015.6660838356165,0.704,0.009000000000000001
878,2015.7017394520547,0.693,0.006999999999999999
879,2015.7072073972606,0.704,0.01
880,2015.7209219178083,0.72,0.006
881,2015.7236589041092,0.769,0.009000000000000001
882,2015.7429005479453,0.718,0.004
883,2015.7510139726025,0.71,0.006
884,2015.8384942465755,0.702,0.005
885,2015.8468471232877,0.65,0.004
886,2015.86338520548,0.669,0.005
887,2015.8656043835622,0.68,0.011000000000000001
888,2015.8956501369862,0.65,0.005
889,2015.9230501369866,0.625,0.006
890,2015.9721671232878,0.605,0.01
891,2015.9724994520543,0.604,0.004
892,2015.975170410959,0.597,0.003
893,2015.9861958904116,0.599,0.006999999999999999
894,2015.9913671232875,0.591,0.006999999999999999
895,2015.9940769863008,0.574,0.008
896,2015.997033972603,0.61,0.002
897,2016.0324038251372,0.616,0.003
898,2016.0351836065574,0.594,0.003
899,2016.0434975409842,0.36,0.03
900,2016.0460636612024,0.584,0.005
901,2016.0489234972677,0.581,0.003
902,2016.0517114754105,0.544,0.004
903,2016.0572633879779,0.595,0.005
904,2016.0595273224044,0.59,0.004
905,2016.0597316939893,0.584,0.003
906,2016.0703844262296,0.63,0.008
907,2016.0708811475406,0.557,0.006
908,2016.0787748633884,0.609,0.006999999999999999
909,2016.0867486338798,0.45,0.01
910,2016.0894497267755,0.648,0.016
911,2016.0949453551912,0.37,0.01
912,2016.0976748633875,0.608,0.008
913,2016.1003336065571,0.678,0.012
914,2016.1005590163932,0.602,0.011000000000000001
915,2016.1113103825137,0.33,0.02
916,2016.1142234972683,0.616,0.003
917,2016.1197316939893,0.594,0.006
918,2016.1498131147546,0.587,0.004
919,2016.1659836065573,0.49,0.01
920,2016.1714480874316,0.29,0.003
921,2016.1743117486333,0.513,0.011000000000000001
922,2016.1853557377049,0.483,0.01
923,2016.1880483606556,0.476,0.012
924,2016.2015595628418,0.27,0.03
925,2016.209816939891,0.456,0.008
926,2016.2952732240433,0.28,0.02
927,2016.6670144808738,0.365,0.011000000000000001
928,2016.6670188524588,0.357,0.013999999999999999
929,2016.7298666666672,0.386,0.004
930,2016.732662021858,0.421,0.005
931,2016.7408499999997,0.388,0.005
932,2016.7408551912567,0.391,0.006
933,2016.7600057377044,0.451,0.006999999999999999
934,2016.7600109289615,0.451,0.005
935,2016.8283363387975,0.497,0.006
936,2016.8283415300546,0.516,0.004
937,2016.85503852459,0.517,0.003
938,2016.855044535519,0.509,0.008
939,2016.8557349726777,0.478,0.012
940,2016.8905775956289,0.499,0.011000000000000001
941,2016.8932117486343,0.52,0.008
942,2016.9205472677593,0.507,0.005
943,2016.9235710382507,0.498,0.006999999999999999
944,2016.9398166666665,0.535,0.005
945,2016.9422300546444,0.482,0.011000000000000001
946,2016.9586103825138,0.532,0.006
947,2016.9588964480877,0.519,0.006999999999999999
948,2016.9708846994533,0.466,0.001
949,2016.986452185792,0.508,0.008
950,2016.9943065573766,0.501,0.005
951,2016.9968155737702,0.493,0.005
952,2016.998003825137,0.456,0.003
953,2016.9995434426223,0.53,0.011000000000000001
954,2017.01605890411,0.5,0.01
955,2017.0335038356163,0.451,0.001
956,2017.0405528767124,0.499,0.009000000000000001
957,2017.0459432876708,0.517,0.012
958,2017.0487786301373,0.501,0.006999999999999999
959,2017.051424383562,0.499,0.005
960,2017.0570958904104,0.48,0.008
961,2017.0706339726032,0.51,0.005
962,2017.0706397260271,0.509,0.006
963,2017.119816438356,0.439,0.004
964,2017.1198216438356,0.437,0.004
965,2017.1226032876716,0.437,0.008
966,2017.1253175342467,0.432,0.005
967,2017.133731506849,0.404,0.006999999999999999
968,2017.1362821917803,0.406,0.004
969,2017.1527731506856,0.361,0.021
970,2017.152778356164,0.414,0.004
971,2017.1583821917807,0.395,0.005
972,2017.1583876712325,0.394,0.004
973,2017.1637364383557,0.382,0.004
974,2017.1637443835618,0.387,0.006
975,2017.1947394520541,0.298,0.001
976,2017.1966345205483,0.283,0.012
977,2017.1966405479454,0.303,0.006999999999999999
978,2017.2240427397255,0.328,0.02
979,2017.2248109589038,0.29,0.01
980,2017.2322558904104,0.343,0.006999999999999999
981,2017.23226109589,0.328,0.02
982,2017.2377364383565,0.334,0.012
983,2017.237741643836,0.355,0.006999999999999999
984,2017.2431983561637,0.293,0.004
985,2017.2432035616432,0.283,0.006
986,2017.2486860273966,0.27,0.009000000000000001
987,2017.2486912328764,0.271,0.009000000000000001
988,2017.2706364383564,0.266,0.005
989,2017.2706446575346,0.273,0.009000000000000001
990,2017.3035249315074,0.294,0.042
991,2017.3035463013698,0.123,0.027000000000000003
992,2017.303554520548,0.227,0.033
993,2017.3035608219175,0.214,0.026000000000000002
994,2017.3144986301368,0.102,0.045
995,2017.646926849315,0.479,0.012
996,2017.6469323287668,0.481,0.012
997,2017.6577734246569,0.564,0.005
998,2017.657865479452,0.53,0.006
999,2017.6578715068492,0.543,0.006999999999999999
1000,2017.6989756164382,0.612,0.01
1001,2017.698980821918,0.603,0.006
1002,2017.7015972602742,0.593,0.008
1003,2017.7016032876716,0.613,0.008
1004,2017.7125232876713,0.614,0.005
1005,2017.7125284931508,0.598,0.01
1006,2017.7373739726024,0.646,0.008
1007,2017.7373797260275,0.65,0.005
1008,2017.761908219178,0.692,0.005
1009,2017.7619131506854,0.692,0.008
1010,2017.7783531506852,0.71,0.004
1011,2017.778358904109,0.723,0.002
1012,2017.7893734246582,0.722,0.005
1013,2017.7893786301365,0.723,0.005
1014,2017.8224087671235,0.777,0.008
1015,2017.8224139726033,0.769,0.006999999999999999
1016,2017.8300887671235,0.783,0.006
1017,2017.830093972603,0.781,0.004
1018,2017.835514794521,0.737,0.01
1019,2017.8355200000005,0.752,0.006999999999999999
1020,2017.8709956164382,0.678,0.012
1021,2017.8710010958898,0.706,0.011000000000000001
1022,2017.8737106849312,0.713,0.008
1023,2017.8737156164386,0.713,0.011000000000000001
1024,2017.884903561644,0.7,0.01
1025,2017.8849087671235,0.706,0.006
1026,2017.890910684931,0.472,0.017
1027,2017.8909158904105,0.54,0.006999999999999999
1028,2017.9036978082195,0.727,0.017
1029,2017.9311345205476,0.646,0.01
1030,2017.9311391780816,0.655,0.006
1031,2017.9340194520553,0.637,0.006999999999999999
1032,2017.934024931507,0.636,0.006
1033,2017.9501860273976,0.611,0.006
1034,2017.9501912328772,0.562,0.017
1035,2017.980403561644,0.56,0.005
1036,2017.9804087671234,0.575,0.008
1037,2017.9806936986297,0.569,0.005
1038,2017.9806991780827,0.571,0.004
1039,2017.9831778082194,0.562,0.005
1040,2017.983183287671,0.56,0.003
1041,2017.993979178082,0.539,0.009000000000000001
1042,2017.9939843835616,0.532,0.009000000000000001
1043,2017.9997964383563,0.559,0.009000000000000001
1044,2017.9998019178079,0.558,0.008
1045,2018.005090410959,0.559,0.013999999999999999
1046,2018.007767671233,0.536,0.009000000000000001
1047,2018.007773150685,0.529,0.008
1048,2018.0460002739721,0.507,0.008
1049,2018.0513342465758,0.5,0.005
1050,2018.0513394520553,0.514,0.009000000000000001
1051,2018.0650071232874,0.515,0.005
1052,2018.0650120547948,0.538,0.004
1053,2018.067820821918,0.53,0.01
1054,2018.0678260273976,0.514,0.018000000000000002
1055,2018.0787383561649,0.526,0.003
1056,2018.0787465753428,0.534,0.003
1057,2018.0796383561642,0.281,0.02
1058,2018.0842534246574,0.533,0.006999999999999999
1059,2018.0842583561648,0.54,0.004
1060,2018.095342465753,0.534,0.004
1061,2018.0953476712325,0.528,0.006
1062,2018.15001369863,0.55,0.004
1063,2018.1501361643832,0.535,0.003
1064,2018.1527805479448,0.54,0.006
1065,2018.1527857534243,0.545,0.006
1066,2018.160959452055,0.529,0.006999999999999999
1067,2018.1609646575346,0.522,0.005
1068,2018.1701901369868,0.484,0.004
1069,2018.1702000000005,0.496,0.012
1070,2018.1830221917812,0.533,0.005
1071,2018.1830271232873,0.558,0.009000000000000001
1072,2018.1919671232877,0.0467,0.02
1073,2018.1974767123286,0.499,0.016
1074,2018.2185169863017,0.541,0.006
1075,2018.2185213698635,0.538,0.006999999999999999
1076,2018.2267805479455,0.447,0.01
1077,2018.226786027397,0.422,0.008
1078,2018.2295567123283,0.457,0.008
1079,2018.2295624657534,0.445,0.013000000000000001
1080,2018.2303254794522,0.467,0.002
1081,2018.2514350684933,0.47,0.005
1082,2018.251440273973,0.486,0.006
1083,2018.2624934246571,0.445,0.012
1084,2018.2624986301369,0.443,0.015
1085,2018.2678917808216,0.401,0.005
1086,2018.2678972602746,0.428,0.012
1087,2018.2953175342464,0.341,0.013999999999999999
1088,2018.2953219178082,0.367,0.006999999999999999
1089,2018.6798241095885,0.472,0.006
1090,2018.6798295890414,0.476,0.004
1091,2018.6823641095884,0.476,0.009000000000000001
1092,2018.682369315068,0.496,0.005
1093,2018.6824904109594,0.466,0.009000000000000001
1094,2018.682495616439,0.48,0.008
1095,2018.6879808219176,0.575,0.012
1096,2018.687986027397,0.549,0.025
1097,2018.6962235616443,0.586,0.013000000000000001
1098,2018.696229041096,0.551,0.009000000000000001
1099,2018.7181202739732,0.501,0.006
1100,2018.7181268493148,0.503,0.006
1101,2018.7301183561642,0.475,0.001
1102,2018.7319317808222,0.514,0.01
1103,2018.7355326027393,0.479,0.002
1104,2018.7372747945203,0.53,0.006
1105,2018.7372799999998,0.541,0.005
1106,2018.7382810958904,0.487,0.003
1107,2018.7455684931501,0.56,0.013000000000000001
1108,2018.7455736986299,0.543,0.008
1109,2018.7565964383557,0.595,0.003
1110,2018.7566016438354,0.579,0.002
1111,2018.7619846575344,0.579,0.005
1112,2018.7619901369862,0.573,0.006
1113,2018.7701597260273,0.57,0.006
1114,2018.7701646575347,0.588,0.009000000000000001
1115,2018.7729884931512,0.558,0.003
1116,2018.7729936986307,0.566,0.005
1117,2018.778328767123,0.595,0.013999999999999999
1118,2018.7783336986304,0.607,0.009000000000000001
1119,2018.7812668493145,0.596,0.004
1120,2018.781271780822,0.597,0.006999999999999999
1121,2018.7895060273972,0.641,0.012
1122,2018.7958567123287,0.594,0.001
1123,2018.7984969863016,0.598,0.001
1124,2018.8058945205485,0.647,0.006999999999999999
1125,2018.8059,0.636,0.003
1126,2018.8299320547944,0.729,0.009000000000000001
1127,2018.829937534246,0.72,0.005
1128,2018.829943013699,0.719,0.006999999999999999
1129,2018.836007671233,0.758,0.008
1130,2018.8360136986303,0.762,0.004
1131,2018.8436923287668,0.782,0.013999999999999999
1132,2018.8436975342463,0.785,0.011000000000000001
1133,2018.8451504109594,0.735,0.003
1134,2018.8491632876714,0.772,0.011000000000000001
1135,2018.849168493151,0.781,0.013000000000000001
1136,2018.8504183561643,0.727,0.005
1137,2018.861422191781,0.764,0.004
1138,2018.8739123287673,0.841,0.005
1139,2018.8739172602736,0.84,0.008
1140,2018.877039178082,0.821,0.006
1141,2018.877044931507,0.818,0.004
1142,2018.8804389041095,0.788,0.002
1143,2018.9091452054795,0.895,0.012
1144,2018.9091526027398,0.87,0.018000000000000002
1145,2018.910025753424,0.79,0.006
1146,2018.9100306849314,0.775,0.011000000000000001
1147,2018.9214591780817,0.835,0.001
1148,2018.9256147945212,0.877,0.008
1149,2018.9256200000007,0.901,0.006999999999999999
1150,2018.928352054794,0.899,0.006999999999999999
1151,2018.9283578082193,0.895,0.004
1152,2018.9324090410955,0.854,0.004
1153,2018.9734482191784,0.882,0.002
1154,2018.985800547945,0.938,0.005
1155,2018.9858054794524,0.934,0.008
1156,2019.0007120547943,0.871,0.003
1157,2019.00250109589,0.944,0.035
1158,2019.0052339726026,0.919,0.006999999999999999
1159,2019.0052394520542,0.936,0.005
1160,2019.0190145205477,0.844,0.005
1161,2019.0299657534247,0.77,0.02
1162,2019.0380706849317,0.77,0.04
1163,2019.0435742465754,0.761,0.006
1164,2019.0435800000005,0.784,0.011000000000000001
1165,2019.0458230136983,0.826,0.011000000000000001
1166,2019.0475843835623,0.775,0.009000000000000001
1167,2019.0486271232876,0.83,0.012
1168,2019.0486323287673,0.826,0.01
1169,2019.0634536986304,0.708,0.001
1170,2019.0653690410957,0.66,0.03
1171,2019.066201917808,0.697,0.001
1172,2019.0689339726027,0.695,0.003
1173,2019.074534794521,0.672,0.003
1174,2019.0761038356168,0.724,0.01
1175,2019.0761087671228,0.737,0.004
1176,2019.0787909589044,0.723,0.006999999999999999
1177,2019.0787958904107,0.718,0.008
1178,2019.082598356164,0.645,0.002
1179,2019.0955421917804,0.7,0.04
1180,2019.0979178082198,0.625,0.01
1181,2019.0979232876714,0.638,0.011000000000000001
1182,2019.098150684932,0.621,0.006
1183,2019.0981558904116,0.646,0.006999999999999999
1184,2019.1006641095887,0.618,0.006
1185,2019.1006693150682,0.634,0.006999999999999999
1186,2019.1010139726027,0.7,0.01
1187,2019.10174109589,0.584,0.002
1188,2019.1061284931504,0.614,0.01
1189,2019.1061331506844,0.619,0.004
1190,2019.1061380821918,0.595,0.006999999999999999
1191,2019.1145501369865,0.578,0.008
1192,2019.114554246575,0.59,0.011000000000000001
1193,2019.1172301369859,0.56,0.004
1194,2019.1172356164388,0.579,0.006999999999999999
1195,2019.1226586301364,0.556,0.008
1196,2019.1226641095893,0.556,0.006999999999999999
1197,2019.1253769863015,0.529,0.003
1198,2019.1253816438355,0.536,0.004
1199,2019.1284235616445,0.529,0.008
1200,2019.1309142465755,0.501,0.006
1201,2019.130919726027,0.513,0.008
1202,2019.1311243835619,0.651,0.015
1203,2019.1338926027402,0.574,0.006
1204,2019.136376164384,0.518,0.011000000000000001
1205,2019.13638109589,0.535,0.009000000000000001
1206,2019.1390621917808,0.494,0.003
1207,2019.1390676712324,0.493,0.004
1208,2019.144797808219,0.476,0.004
1209,2019.1448345205479,0.541,0.004
1210,2019.1473821917805,0.46,0.004
1211,2019.1473876712334,0.482,0.008
1212,2019.1557021917813,0.55,0.011000000000000001
1213,2019.1582917808223,0.46,0.006
1214,2019.158297260274,0.443,0.004
1215,2019.1618276712331,0.416,0.01
1216,2019.1665906849316,0.482,0.006
1217,2019.1830194520546,0.3,0.04
1218,2019.1838235616442,0.362,0.002
1219,2019.1883501369864,0.378,0.011000000000000001
1220,2019.1885761643837,0.386,0.005
1221,2019.1894893150688,0.356,0.003
1222,2019.1938890410956,0.378,0.006999999999999999
1223,2019.1938942465752,0.396,0.008
1224,2019.194520547945,0.366,0.008
1225,2019.1950580821922,0.346,0.003
1226,2019.1976739726028,0.359,0.003
1227,2019.2086452054791,0.349,0.003
1228,2019.2110356164383,0.367,0.002
1229,2019.2113868493152,0.354,0.005
1230,2019.215847123288,0.352,0.006999999999999999
1231,2019.2158528767118,0.362,0.006
1232,2019.216019726028,0.31,0.05
1233,2019.2185780821917,0.386,0.004
1234,2019.2185838356168,0.386,0.006999999999999999
1235,2019.2193506849317,0.377,0.045
1236,2019.221280821918,0.375,0.006999999999999999
1237,2019.2212871232873,0.365,0.005
1238,2019.2240816438355,0.349,0.004
1239,2019.2240865753429,0.362,0.006
1240,2019.2249726027403,0.362,0.004
1241,2019.22698630137,0.371,0.018000000000000002
1242,2019.2302767123288,0.392,0.027999999999999997
1243,2019.2379394520547,0.34,0.02
1244,2019.2404920547945,0.402,0.008
1245,2019.2404969863019,0.368,0.009000000000000001
1246,2019.2406969863016,0.357,0.011000000000000001
1247,2019.2432109589038,0.399,0.005
1248,2019.2432164383567,0.378,0.006
1249,2019.245961917808,0.347,0.006
1250,2019.2459671232875,0.338,0.008
1251,2019.246118630137,0.391,0.011000000000000001
1252,2019.24872520548,0.357,0.006
1253,2019.2487306849316,0.343,0.009000000000000001
1254,2019.2624413698632,0.416,0.017
1255,2019.2624468493148,0.38,0.015
1256,2019.3008468493156,0.363,0.011000000000000001
1257,2019.3008517808216,0.354,0.01
1258,2019.3117556164386,0.33,0.03
1259,2019.3117589041094,0.321,0.026000000000000002
1260,2019.6112378082187,0.647,0.027999999999999997
1261,2019.611252054794,0.691,0.024
1262,2019.619461643836,0.643,0.008
1263,2019.6194679452055,0.641,0.008
1264,2019.657804383562,0.612,0.015
1265,2019.6578112328768,0.606,0.013000000000000001
1266,2019.6770695890414,0.621,0.005
1267,2019.677074794521,0.626,0.006999999999999999
1268,2019.7045257534244,0.634,0.006
1269,2019.723414520548,0.645,0.011000000000000001
1270,2019.7234197260277,0.659,0.012
1271,2019.74838109589,0.631,0.004
1272,2019.7483860273974,0.647,0.005
1273,2019.7865342465752,0.647,0.005
1274,2019.7865394520547,0.66,0.005
1275,2019.8056893150679,0.673,0.006
1276,2019.8056936986297,0.691,0.009000000000000001
1277,2019.8112791780816,0.669,0.011000000000000001
1278,2019.8112835616434,0.65,0.006999999999999999
1279,2019.8140917808214,0.694,0.006999999999999999
1280,2019.8140967123286,0.694,0.009000000000000001
1281,2019.8149665753422,0.679,0.002
1282,2019.8367350684925,0.745,0.002
1283,2019.8436328767123,0.797,0.013000000000000001
1284,2019.8436383561639,0.839,0.013999999999999999
1285,2019.8449523287672,0.764,0.003
1286,2019.8531627397258,0.796,0.001
1287,2019.860466575342,0.86,0.006999999999999999
1288,2019.8604717808214,0.843,0.005
1289,2019.8710175342462,0.928,0.006
1290,2019.8710221917802,0.926,0.006
1291,2019.8941676712327,0.948,0.006999999999999999
1292,2019.8956720547942,0.957,0.011000000000000001
1293,2019.895676438356,0.951,0.018000000000000002
1294,2019.913360273972,1.037,0.002
1295,2019.9148945205475,1.078,0.003
1296,2019.914899726027,1.077,0.004
1297,2019.9213578082188,1.053,0.003
1298,2019.9596890410958,1.217,0.002
1299,2019.9666630136985,1.325,0.039
1300,2019.9778490410965,1.284,0.032
1301,2019.9787635616435,1.281,0.004
1302,2019.992810684931,1.318,0.002
1303,2019.9939471232872,1.401,0.013000000000000001
1304,2019.9939520547944,1.397,0.015
1305,2019.9940402739733,1.339,0.01
1306,2019.9946156712326,1.5,0.05
1307,2019.9971373424662,1.218,0.04
1308,2019.9973268493154,1.336,0.009000000000000001
1309,2019.9997619178082,1.363,0.006999999999999999
1310,2019.9997704109585,1.362,0.006999999999999999
1311,2020.0004662841525,1.41,0.008
1312,2020.0021718579237,1.473,0.018000000000000002
1313,2020.002312021858,1.407,0.013999999999999999
1314,2020.0051795081974,1.381,0.009000000000000001
1315,2020.005184699453,1.367,0.011000000000000001
1316,2020.0130754098361,1.439,0.006
1317,2020.0132409836067,1.425,0.003
1318,2020.013246721312,1.428,0.002
1319,2020.016024043716,1.439,0.003
1320,2020.0160295081967,1.433,0.005
1321,2020.0187508196716,1.36,0.03
1322,2020.025140983606,1.425,0.005
1323,2020.0268669398909,1.615,0.05
1324,2020.0296830601094,1.455,0.013000000000000001
1325,2020.0296879781415,1.471,0.011000000000000001
1326,2020.029713114754,1.605,0.05
1327,2020.029873224044,1.452,0.009000000000000001
1328,2020.0298795081965,1.453,0.008
1329,2020.030816120219,1.463,0.02
1330,2020.032141803279,1.45,0.05
1331,2020.0352562021865,1.518,0.003
1332,2020.0352562021865,1.579,0.003
1333,2020.036201639344,1.487,0.013000000000000001
1334,2020.0386283060109,1.515,0.008
1335,2020.0402950819675,1.613,0.004
1336,2020.040979781421,1.524,0.012
1337,2020.043048087431,1.5,0.05
1338,2020.0434060109285,1.517,0.027000000000000003
1339,2020.0434672131148,1.772,0.003
1340,2020.0435189071043,1.536,0.02
1341,2020.0438829234972,1.448,0.022000000000000002
1342,2020.0443762295085,1.512,0.022000000000000002
1343,2020.0444065573768,1.724,0.004
1344,2020.0468409836071,1.491,0.003
1345,2020.0496166666671,1.496,0.003
1346,2020.052143989071,1.487,0.001
1347,2020.053865573771,1.533,0.013000000000000001
1348,2020.0539560109285,1.547,0.013999999999999999
1349,2020.0539612021855,1.545,0.013000000000000001
1350,2020.0540928961748,1.554,0.012
1351,2020.0543593989069,1.578,0.06
1352,2020.0548064207653,1.54,0.005
1353,2020.0570413661203,1.582,0.09
1354,2020.0571530601098,1.57,0.006999999999999999
1355,2020.0595816939897,1.48,0.02
1356,2020.0597677595629,1.47,0.01
1357,2020.0607240437162,1.604,0.012
1358,2020.0620827868854,1.583,0.009000000000000001
1359,2020.0621226775954,1.574,0.009000000000000001
1360,2020.062178415301,1.747,0.003
1361,2020.0623445355186,1.552,0.008
1362,2020.0623923497265,1.543,0.006999999999999999
1363,2020.0625565573778,1.564,0.006999999999999999
1364,2020.0661740437154,1.628,0.015
1365,2020.0744508196717,1.641,0.017
1366,2020.077021311475,1.543,0.003
1367,2020.0770718579236,1.62,0.023
1368,2020.0789439890705,1.55,0.012
1369,2020.0797964480878,1.626,0.027999999999999997
1370,2020.08171010929,1.583,0.005
1371,2020.0825215846992,1.666,0.023
1372,2020.0841516393448,1.595,0.006
1373,2020.0841655737702,1.62,0.006
1374,2020.0843076502733,1.609,0.005
1375,2020.0843128415304,1.599,0.006
1376,2020.0852459016398,1.667,0.027000000000000003
1377,2020.0853959016395,1.571,0.002
1378,2020.0867169398912,1.616,0.004
1379,2020.0879726775952,1.675,0.025
1380,2020.090697814208,1.665,0.013000000000000001
1381,2020.090973497268,1.583,0.002
1382,2020.0930707377058,1.604,0.045
1383,2020.0934202185797,1.5819999999999999,0.003
1384,2020.095198360656,1.6580000000000001,0.006999999999999999
1385,2020.095206830601,1.631,0.005
1386,2020.095247540983,1.624,0.01
1387,2020.0953201912573,1.631,0.003
1388,2020.09532057377,1.599,0.003
1389,2020.0961459016394,1.6480000000000001,0.023
1390,2020.097716120218,1.624,0.006
1391,2020.097900819672,1.646,0.009000000000000001
1392,2020.097906010929,1.656,0.012
1393,2020.0988795081971,1.67,0.021
1394,2020.1005587431696,1.67,0.03
1395,2020.1005994535517,1.636,0.006
1396,2020.100605191257,1.651,0.009000000000000001
1397,2020.100611202186,1.635,0.004
1398,2020.1032836065574,1.6369999999999998,0.008
1399,2020.1032901639348,1.646,0.005
1400,2020.1033983606555,1.6159999999999999,0.005
1401,2020.1034046448092,1.609,0.005
1402,2020.1068185792353,1.5919999999999999,0.001
1403,2020.1070371584706,1.5959999999999999,0.002
1404,2020.1070448087435,1.732,0.019
1405,2020.1085226775956,1.639,0.01
1406,2020.108528142076,1.6280000000000001,0.011000000000000001
1407,2020.1087144808741,1.626,0.008
1408,2020.1087207650266,1.643,0.005
1409,2020.1092380327873,1.6380000000000001,0.006
1410,2020.1113409836066,1.6540000000000001,0.005
1411,2020.1113461748637,1.653,0.006
1412,2020.1115349726776,1.645,0.005
1413,2020.1115401639347,1.632,0.009000000000000001
1414,2020.1115591803277,1.626,0.009000000000000001
1415,2020.1115647540987,1.6369999999999998,0.009000000000000001
1416,2020.1121012295082,1.665,0.009000000000000001
1417,2020.1142734972673,1.651,0.005
1418,2020.1142822404372,1.633,0.005
1419,2020.1152180327863,1.696,0.021
1420,2020.1169702185794,1.53,0.02
1421,2020.117943169399,1.694,0.023
1422,2020.1182002732237,1.6130000000000002,0.006
1423,2020.1206688524587,1.705,0.02
1424,2020.1224499999996,1.5719999999999998,0.005
1425,2020.1253718579228,1.584,0.012
1426,2020.1253773224046,1.5759999999999998,0.016
1427,2020.1261196721312,1.63,0.022000000000000002
1428,2020.1281869125685,1.577,0.011000000000000001
1429,2020.1281871038254,1.5730000000000002,0.01
1430,2020.128843715847,1.6159999999999999,0.027000000000000003
1431,2020.1289724043718,1.579,0.004
1432,2020.130750546448,1.514,0.033
1433,2020.1308137978137,1.53,0.07
1434,2020.1334398907109,1.581,0.006
1435,2020.1334456284148,1.59,0.005
1436,2020.1335030054645,1.59,0.006
1437,2020.134304371585,1.5119999999999998,0.024
1438,2020.134522131148,1.567,0.002
1439,2020.1361086612028,1.5630000000000002,0.036000000000000004
1440,2020.1362644808744,1.556,0.008
1441,2020.1362696721312,1.546,0.012
1442,2020.1370183060103,1.5030000000000001,0.021
1443,2020.1371773224046,1.556,0.003
1444,2020.1392734699457,1.561,0.027999999999999997
1445,2020.139382213115,1.556,0.013000000000000001
1446,2020.1395415300542,1.537,0.005
1447,2020.1416327868858,1.547,0.009000000000000001
1448,2020.1416434426233,1.558,0.006999999999999999
1449,2020.1420449726768,1.54,0.026000000000000002
1450,2020.142161885246,1.526,0.006
1451,2020.1421856010927,1.615,0.006999999999999999
1452,2020.1442907103822,1.485,0.003
1453,2020.1447751366118,1.534,0.026000000000000002
1454,2020.145145874318,1.6623,0.0065
1455,2020.1470812568314,1.525,0.01
1456,2020.1470815573775,1.521,0.011000000000000001
1457,2020.1475284426228,1.494,0.040999999999999995
1458,2020.1479163934423,1.5119999999999998,0.024
1459,2020.1503965573772,1.5190000000000001,0.002
1460,2020.150642349727,1.5130000000000001,0.013000000000000001
1461,2020.1532748087432,1.6267,0.0064
1462,2020.1533650273223,1.459,0.032
1463,2020.155785136612,1.483,0.002
1464,2020.1560920765025,1.44,0.026000000000000002
1465,2020.1563371584696,1.476,0.006
1466,2020.158498415301,1.455,0.003
1467,2020.1585310109297,1.517,0.01
1468,2020.1605010928963,1.484,0.006
1469,2020.1605068306017,1.495,0.005
1470,2020.1605857923498,1.5030000000000001,0.004
1471,2020.1605901639346,1.49,0.005
1472,2020.161287568306,1.4369999999999998,0.005
1473,2020.1618685792353,1.474,0.028999999999999998
1474,2020.164057759563,1.4169999999999998,0.005
1475,2020.1644901639345,1.4240000000000002,0.028999999999999998
1476,2020.166990710383,1.425,0.035
1477,2020.1671120218584,1.425,0.002
1478,2020.1723087431692,1.42,0.03
1479,2020.1724401639349,1.3869999999999998,0.039
1480,2020.1742467213119,1.405,0.01
1481,2020.1742521857925,1.3869999999999998,0.008
1482,2020.1751644808744,1.3559999999999999,0.025
1483,2020.1769122950825,1.393,0.004
1484,2020.1769207650275,1.403,0.006
1485,2020.177609863387,1.369,0.013999999999999999
1486,2020.1777663934427,1.355,0.005
1487,2020.1779010928963,1.3619999999999999,0.003
1488,2020.1806368852465,1.3330000000000002,0.013999999999999999
1489,2020.183202404371,1.297,0.008
1490,2020.1852076502728,1.3659999999999999,0.006999999999999999
1491,2020.1852136612017,1.3619999999999999,0.01
1492,2020.1852188524585,1.3330000000000002,0.008
1493,2020.1858992896175,1.306,0.02
1494,2020.1860931693993,1.253,0.026000000000000002
1495,2020.1908051092903,1.3159999999999998,0.01
1496,2020.1908125683062,1.301,0.01
1497,2020.1916502732236,1.274,0.004
1498,2020.1934349726773,1.04,0.01
1499,2020.1971065573766,1.236,0.003
1500,2020.1990508196718,1.227,0.005
1501,2020.199055737705,1.227,0.006999999999999999
1502,2020.2015557377051,1.224,0.005
1503,2020.2015609289622,1.226,0.004
1504,2020.2017680054653,1.294,0.01
1505,2020.2022946448094,1.182,0.01
1506,2020.202503825137,1.186,0.013999999999999999
1507,2020.202523497268,1.202,0.006
1508,2020.2042538251364,1.2229999999999999,0.011000000000000001
1509,2020.2042590163933,1.217,0.008
1510,2020.204371584699,0.9590000000000001,0.004
1511,2020.2049442622952,1.185,0.015
1512,2020.2069931693993,1.204,0.005
1513,2020.2069989071035,1.2,0.006999999999999999
1514,2020.2077633333329,1.161,0.009000000000000001
1515,2020.2099019672132,1.138,0.015
1516,2020.210410983607,1.127,0.003
1517,2020.2106062841533,1.135,0.002
1518,2020.2124893442624,1.13,0.01
1519,2020.2124945355192,1.127,0.006
1520,2020.2135502732235,1.109,0.001
1521,2020.2214296174864,1.031,0.02
1522,2020.2217420765028,1.0490000000000002,0.004
1523,2020.2234881010932,0.9835,0.034
1524,2020.2235693989076,1.004,0.013000000000000001
1525,2020.2241186065564,1.013,0.018000000000000002
1526,2020.2241385792347,0.995,0.003
1527,2020.2262401639348,1.005,0.01
1528,2020.2271893442623,0.971,0.027000000000000003
1529,2020.2288819672133,0.991,0.006999999999999999
1530,2020.2288882513658,0.975,0.006999999999999999
1531,2020.2289306147538,0.977,0.015
1532,2020.2326715846998,0.961,0.003
1533,2020.2405377049176,0.912,0.023
1534,2020.2434822404375,0.8690000000000001,0.03
1535,2020.245291803279,0.8540000000000001,0.009000000000000001
1536,2020.245297540983,0.847,0.009000000000000001
1537,2020.2480519125684,0.773,0.009000000000000001
1538,2020.2480579234973,0.775,0.012
1539,2020.2507816939894,0.774,0.019
1540,2020.2507868852463,0.81,0.013999999999999999
1541,2020.2535256830597,0.773,0.012
1542,2020.2535311475415,0.769,0.015
1543,2020.2543273224048,0.774,0.005
1544,2020.2545076502727,0.7659999999999999,0.005
1545,2020.2563245901633,0.78,0.004
1546,2020.2571527322402,0.713,0.027999999999999997
1547,2020.2589633879786,0.653,0.008
1548,2020.258968852459,0.647,0.008
1549,2020.2590480874321,0.772,0.018000000000000002
1550,2020.2617071038253,0.74,0.019
1551,2020.2617136612025,0.6970000000000001,0.011000000000000001
1552,2020.2617860655732,0.718,0.012
1553,2020.2644120218574,0.662,0.013000000000000001
1554,2020.2644374316935,0.69,0.012
1555,2020.2671885245907,0.6609999999999999,0.006
1556,2020.2699081967216,0.649,0.016
1557,2020.2699142076506,0.614,0.008
1558,2020.272620765028,0.34,0.05
1559,2020.273553825136,0.637,0.046
1560,2020.2737035519124,0.63,0.006
1561,2020.2753644808745,0.607,0.005
1562,2020.2753704918034,0.539,0.013000000000000001
1563,2020.2815142622958,0.534,0.092
1564,2020.287219398907,0.504,0.039
1565,2020.2873677595626,0.5429999999999999,0.006
1566,2020.2890620218575,0.517,0.006999999999999999
1567,2020.2890967213118,0.48,0.012
1568,2020.291789890711,0.5579999999999999,0.021
1569,2020.2945139344267,0.386,0.01
1570,2020.2945191256838,0.348,0.009000000000000001
1571,2020.2981519125685,0.48700000000000004,0.027999999999999997
1572,2020.305474590164,0.43,0.01
1573,2020.3082142076505,0.335,0.027000000000000003
1574,2020.3082196721311,0.342,0.011000000000000001
1575,2020.3109153005462,0.41,0.018000000000000002
1576,2020.3109202185797,0.409,0.011000000000000001
1577,2020.310933606558,0.456,0.01
1578,2020.4781420765028,0.66,0.015
1579,2020.5300546448088,0.76,0.015
1580,2020.549180327869,0.8,0.015
1581,2020.5557236065579,0.8859999999999999,0.03
